{
    "loss": [
        1.301408052444458,
        0.9092172980308533,
        0.7801927328109741,
        0.7002537250518799,
        0.6588945388793945,
        0.6585267782211304,
        0.6361913681030273,
        0.612591028213501,
        0.6050597429275513,
        0.5891671776771545
    ],
    "accuracy": [
        0.502577006816864,
        0.485633909702301,
        0.5597054958343506,
        0.5930465459823608,
        0.6346967220306396,
        0.6256552338600159,
        0.702843427658081,
        0.7718437910079956,
        0.7659299373626709,
        0.8124476671218872
    ],
    "val_loss": [
        0.8579334020614624,
        1.2782094478607178,
        1.4599766731262207,
        0.9224005341529846,
        0.9068288207054138,
        0.8913866281509399,
        0.775493860244751,
        0.6070849895477295,
        0.6871103644371033,
        0.6184326410293579
    ],
    "val_accuracy": [
        0.49988988041877747,
        0.3740804195404053,
        0.1368221640586853,
        0.42099466919898987,
        0.2786220908164978,
        0.38471871614456177,
        0.6007224321365356,
        0.7732478380203247,
        0.7047706842422485,
        0.7546803951263428
    ]
}