{
    "loss": [
        0.38057059049606323,
        0.6994042992591858,
        0.3998768627643585,
        0.2920517325401306,
        0.21641501784324646
    ],
    "accuracy": [
        0.5382187366485596,
        0.4026436507701874,
        0.4584030210971832,
        0.5501853823661804,
        0.3953114449977875
    ],
    "val_loss": [
        0.09610317647457123,
        0.19062985479831696,
        0.11117364466190338,
        0.029196206480264664,
        0.07998050004243851
    ],
    "val_accuracy": [
        0.7828840017318726,
        0.4187425374984741,
        0.8092429637908936,
        0.986839771270752,
        0.8897294998168945
    ]
}