{
    "loss": [
        0.917678713798523,
        0.648866593837738,
        0.5852094292640686,
        0.5394933819770813,
        0.4799079895019531,
        0.41841134428977966,
        0.3461417853832245,
        0.2869776487350464,
        0.22681020200252533,
        0.16345274448394775
    ],
    "accuracy": [
        0.5261016488075256,
        0.7001726627349854,
        0.8225688934326172,
        0.8624016046524048,
        0.9241732358932495,
        0.9506827592849731,
        0.9841751456260681,
        0.9864884614944458,
        0.9937494397163391,
        0.9986952543258667
    ],
    "val_loss": [
        1.0287597179412842,
        0.729365348815918,
        0.5194915533065796,
        0.4956928491592407,
        0.5262926816940308,
        0.5158723592758179,
        0.3214815855026245,
        0.30986452102661133,
        0.22994542121887207,
        0.1435411274433136
    ],
    "val_accuracy": [
        0.17283380031585693,
        0.48094797134399414,
        0.7769922018051147,
        0.971642255783081,
        0.9159783720970154,
        0.8814534544944763,
        0.9968668222427368,
        0.9356141090393066,
        0.9985352754592896,
        0.9997357130050659
    ]
}