{
    "loss": [
        0.660288393497467,
        0.6061044931411743,
        0.554726243019104,
        0.5018211603164673,
        0.4328155219554901,
        0.3556966483592987,
        0.25481724739074707,
        0.18140137195587158,
        0.12141980230808258,
        0.0848967507481575
    ],
    "accuracy": [
        0.6181848645210266,
        0.7701605558395386,
        0.8559595346450806,
        0.8772938847541809,
        0.9375692009925842,
        0.9756154417991638,
        0.9973995089530945,
        0.9983791708946228,
        0.9988227486610413,
        0.9988365173339844
    ],
    "val_loss": [
        0.6451331377029419,
        0.7080782651901245,
        0.6603609323501587,
        0.5665591955184937,
        0.3663206398487091,
        0.3633996844291687,
        0.30972880125045776,
        0.2115115225315094,
        0.16081096231937408,
        0.09532535076141357
    ],
    "val_accuracy": [
        0.7486895322799683,
        0.48895972967147827,
        0.7130413055419922,
        0.8626271486282349,
        0.9584434628486633,
        0.9886348247528076,
        0.9951709508895874,
        0.9984251260757446,
        0.9984471797943115,
        0.9984637498855591
    ]
}