{
    "loss": [
        0.3702459931373596,
        0.16716034710407257,
        0.11791697144508362,
        0.10726383328437805,
        0.09913943707942963,
        0.09176094830036163,
        0.0845654234290123,
        0.07762619107961655,
        0.07123584300279617,
        0.0645919069647789,
        0.05946260690689087,
        0.05363358184695244,
        0.04748588800430298,
        0.04164035990834236,
        0.03617230802774429,
        0.031024357303977013,
        0.02592366188764572,
        0.021985119208693504,
        0.01857968047261238,
        0.015656642615795135
    ],
    "accuracy": [
        0.5078202486038208,
        0.5040236115455627,
        0.6732425093650818,
        0.7624413371086121,
        0.8283332586288452,
        0.8761095404624939,
        0.9140915274620056,
        0.9412957429885864,
        0.9561378955841064,
        0.9717773795127869,
        0.9725002646446228,
        0.9809041619300842,
        0.9858415126800537,
        0.9907851815223694,
        0.9929430484771729,
        0.9950540065765381,
        0.9971587061882019,
        0.9974220991134644,
        0.9979736804962158,
        0.9981768131256104
    ],
    "val_loss": [
        0.06745225191116333,
        0.1321811079978943,
        0.07664656639099121,
        0.08581221103668213,
        0.06696753948926926,
        0.06794822216033936,
        0.05918516963720322,
        0.06107914075255394,
        0.048588939011096954,
        0.054776906967163086,
        0.03652641177177429,
        0.042402707040309906,
        0.03037083148956299,
        0.03223609924316406,
        0.023814724758267403,
        0.022416749969124794,
        0.018794015049934387,
        0.016355544328689575,
        0.014271749183535576,
        0.01251542754471302
    ],
    "val_accuracy": [
        0.9525583386421204,
        0.7598009705543518,
        0.927893340587616,
        0.8914954662322998,
        0.9826605319976807,
        0.9731324911117554,
        0.9939566850662231,
        0.9888538718223572,
        0.9976117014884949,
        0.9884099364280701,
        0.9984450340270996,
        0.9969545602798462,
        0.9984831809997559,
        0.9983808398246765,
        0.9984939098358154,
        0.9985260963439941,
        0.9985224604606628,
        0.9985498785972595,
        0.9985498785972595,
        0.9985522627830505
    ]
}