{
    "loss": [
        0.7219918966293335,
        0.5540193319320679,
        0.40520063042640686,
        0.22275397181510925,
        0.10288553684949875,
        0.05481628328561783,
        0.0344451479613781,
        0.024235978722572327,
        0.01829684153199196,
        0.014593821950256824,
        0.012124989181756973,
        0.0104145472869277,
        0.009229930117726326,
        0.008550350554287434,
        0.007950237020850182,
        0.00777304545044899,
        0.007555923890322447,
        0.007305359933525324,
        0.007211660500615835,
        0.006980897393077612
    ],
    "accuracy": [
        0.6350207924842834,
        0.8262818455696106,
        0.9495425224304199,
        0.9968488216400146,
        0.9984791278839111,
        0.9985204935073853,
        0.9985249638557434,
        0.9985254406929016,
        0.9985255599021912,
        0.9985228180885315,
        0.9985235333442688,
        0.9985247850418091,
        0.9985179901123047,
        0.998502254486084,
        0.9985100030899048,
        0.9984992742538452,
        0.9985015988349915,
        0.9985024333000183,
        0.9984957575798035,
        0.9985055327415466
    ],
    "val_loss": [
        0.506691038608551,
        0.4018365144729614,
        0.20109917223453522,
        0.1334538608789444,
        0.0685894563794136,
        0.04135306179523468,
        0.02737317606806755,
        0.020378651097416878,
        0.015566476620733738,
        0.012912292964756489,
        0.010990133509039879,
        0.009921588003635406,
        0.008846736513078213,
        0.007888421416282654,
        0.007773885503411293,
        0.0073503153398633,
        0.007048963103443384,
        0.006848348304629326,
        0.0067163328640162945,
        0.00671617966145277
    ],
    "val_accuracy": [
        0.9839875102043152,
        0.9892550706863403,
        0.9986318349838257,
        0.9985501170158386,
        0.998622477054596,
        0.9986302852630615,
        0.9986346364021301,
        0.9986346364021301,
        0.9986346364021301,
        0.9986346364021301,
        0.9986346364021301,
        0.9986346364021301,
        0.9986346364021301,
        0.9986344575881958,
        0.9986346364021301,
        0.9986346364021301,
        0.9986346364021301,
        0.9986346364021301,
        0.9986346364021301,
        0.9986346364021301
    ]
}